{
	"format_version": "1.12.0",
	"minecraft:geometry": [
		{
			"description": {
				"identifier": "geometry.unknown",
				"texture_width": 16,
				"texture_height": 16,
				"visible_bounds_width": 5,
				"visible_bounds_height": 6.5,
				"visible_bounds_offset": [0, 2.75, 0]
			},
			"bones": [
				{
					"name": "111",
					"pivot": [0, -2, 0],
					"cubes": [
						{
							"origin": [-31.5, 2, -0.5],
							"size": [59, 8, 1],
							"uv": {
								"north": {"uv": [15.56757, 0], "uv_size": [-1.72973, 15.22581], "uv_rotation": 270},
								"east": {"uv": [13.83784, 0], "uv_size": [1.72973, 0.25806], "uv_rotation": 90},
								"south": {"uv": [13.83784, 0], "uv_size": [1.72973, 15.22581], "uv_rotation": 90},
								"west": {"uv": [13.83784, 14.96774], "uv_size": [1.72973, 0.25806], "uv_rotation": 90},
								"up": {"uv": [14.05405, 15.22581], "uv_size": [-0.21622, -15.22581], "uv_rotation": 90},
								"down": {"uv": [15.56757, 15.22581], "uv_size": [-0.21622, -15.22581], "uv_rotation": 90}
							}
						},
						{
							"origin": [-31.5, 1, -0.5],
							"size": [3, 1, 1],
							"uv": {
								"north": {"uv": [15.78378, 0], "uv_size": [-0.21622, 0.77419], "uv_rotation": 270},
								"east": {"uv": [15.56757, 0], "uv_size": [0.21622, 0.25806], "uv_rotation": 90},
								"south": {"uv": [15.56757, 0], "uv_size": [0.21622, 0.77419], "uv_rotation": 90},
								"west": {"uv": [15.56757, 0.51613], "uv_size": [0.21622, 0.25806], "uv_rotation": 90},
								"up": {"uv": [15.78378, 0.77419], "uv_size": [-0.21622, -0.77419], "uv_rotation": 90},
								"down": {"uv": [15.78378, 0.77419], "uv_size": [-0.21622, -0.77419], "uv_rotation": 90}
							}
						},
						{
							"origin": [-29.5, 10, -0.5],
							"size": [59, 59, 1],
							"uv": {
								"north": {"uv": [13.83784, 0.51613], "uv_size": [-12.75676, 15.22581], "uv_rotation": 270},
								"east": {"uv": [1.08108, 0.51613], "uv_size": [12.75676, 0.25806], "uv_rotation": 90},
								"south": {"uv": [1.08108, 0.51613], "uv_size": [12.75676, 15.22581], "uv_rotation": 90},
								"west": {"uv": [1.08108, 15.48387], "uv_size": [12.75676, 0.25806], "uv_rotation": 90},
								"up": {"uv": [1.2973, 15.74194], "uv_size": [-0.21622, -15.22581], "uv_rotation": 90},
								"down": {"uv": [13.83784, 15.74194], "uv_size": [-0.21622, -15.22581], "uv_rotation": 90}
							}
						},
						{
							"origin": [-28.5, 69, -0.5],
							"size": [57, 2, 1],
							"uv": {
								"north": {"uv": [1.08108, 0.77419], "uv_size": [-0.43243, 14.70968], "uv_rotation": 270},
								"east": {"uv": [0.64865, 0.77419], "uv_size": [0.43243, 0.25806], "uv_rotation": 90},
								"south": {"uv": [0.64865, 0.77419], "uv_size": [0.43243, 14.70968], "uv_rotation": 90},
								"west": {"uv": [0.64865, 15.22581], "uv_size": [0.43243, 0.25806], "uv_rotation": 90},
								"up": {"uv": [0.86486, 15.48387], "uv_size": [-0.21622, -14.70968], "uv_rotation": 90},
								"down": {"uv": [1.08108, 15.48387], "uv_size": [-0.21622, -14.70968], "uv_rotation": 90}
							}
						},
						{
							"origin": [-27.5, 71, -0.5],
							"size": [55, 1, 1],
							"uv": {
								"north": {"uv": [0.64865, 1.03226], "uv_size": [-0.21622, 14.19355], "uv_rotation": 270},
								"east": {"uv": [0.43243, 1.03226], "uv_size": [0.21622, 0.25806], "uv_rotation": 90},
								"south": {"uv": [0.43243, 1.03226], "uv_size": [0.21622, 14.19355], "uv_rotation": 90},
								"west": {"uv": [0.43243, 14.96774], "uv_size": [0.21622, 0.25806], "uv_rotation": 90},
								"up": {"uv": [0.64865, 15.22581], "uv_size": [-0.21622, -14.19355], "uv_rotation": 90},
								"down": {"uv": [0.64865, 15.22581], "uv_size": [-0.21622, -14.19355], "uv_rotation": 90}
							}
						},
						{
							"origin": [-27.5, 1, -0.5],
							"size": [54, 1, 1],
							"uv": {
								"north": {"uv": [15.78378, 1.03226], "uv_size": [-0.21622, 13.93548], "uv_rotation": 270},
								"east": {"uv": [15.56757, 1.03226], "uv_size": [0.21622, 0.25806], "uv_rotation": 90},
								"south": {"uv": [15.56757, 1.03226], "uv_size": [0.21622, 13.93548], "uv_rotation": 90},
								"west": {"uv": [15.56757, 14.70968], "uv_size": [0.21622, 0.25806], "uv_rotation": 90},
								"up": {"uv": [15.78378, 14.96774], "uv_size": [-0.21622, -13.93548], "uv_rotation": 90},
								"down": {"uv": [15.78378, 14.96774], "uv_size": [-0.21622, -13.93548], "uv_rotation": 90}
							}
						},
						{
							"origin": [-26.5, 72, -0.5],
							"size": [53, 1, 1],
							"uv": {
								"north": {"uv": [0.43243, 1.29032], "uv_size": [-0.21622, 13.67742], "uv_rotation": 270},
								"east": {"uv": [0.21622, 1.29032], "uv_size": [0.21622, 0.25806], "uv_rotation": 90},
								"south": {"uv": [0.21622, 1.29032], "uv_size": [0.21622, 13.67742], "uv_rotation": 90},
								"west": {"uv": [0.21622, 14.70968], "uv_size": [0.21622, 0.25806], "uv_rotation": 90},
								"up": {"uv": [0.43243, 14.96774], "uv_size": [-0.21622, -13.67742], "uv_rotation": 90},
								"down": {"uv": [0.43243, 14.96774], "uv_size": [-0.21622, -13.67742], "uv_rotation": 90}
							}
						},
						{
							"origin": [-26.5, 0, -0.5],
							"size": [51, 1, 1],
							"uv": {
								"north": {"uv": [16, 1.29032], "uv_size": [-0.21622, 13.16129], "uv_rotation": 270},
								"east": {"uv": [15.78378, 1.29032], "uv_size": [0.21622, 0.25806], "uv_rotation": 90},
								"south": {"uv": [15.78378, 1.29032], "uv_size": [0.21622, 13.16129], "uv_rotation": 90},
								"west": {"uv": [15.78378, 14.19355], "uv_size": [0.21622, 0.25806], "uv_rotation": 90},
								"up": {"uv": [16, 14.45161], "uv_size": [-0.21622, -13.16129], "uv_rotation": 90},
								"down": {"uv": [16, 14.45161], "uv_size": [-0.21622, -13.16129], "uv_rotation": 90}
							}
						},
						{
							"origin": [-24.5, 73, -0.5],
							"size": [49, 1, 1],
							"uv": {
								"north": {"uv": [0.21622, 1.80645], "uv_size": [-0.21622, 12.64516], "uv_rotation": 270},
								"east": {"uv": [0, 1.80645], "uv_size": [0.21622, 0.25806], "uv_rotation": 90},
								"south": {"uv": [0, 1.80645], "uv_size": [0.21622, 12.64516], "uv_rotation": 90},
								"west": {"uv": [0, 14.19355], "uv_size": [0.21622, 0.25806], "uv_rotation": 90},
								"up": {"uv": [0.21622, 14.45161], "uv_size": [-0.21622, -12.64516], "uv_rotation": 90},
								"down": {"uv": [0.21622, 14.45161], "uv_size": [-0.21622, -12.64516], "uv_rotation": 90}
							}
						},
						{
							"origin": [27.5, 6, -0.5],
							"size": [3, 4, 1],
							"uv": {
								"north": {"uv": [14.7027, 15.22581], "uv_size": [-0.86486, 0.77419], "uv_rotation": 270},
								"east": {"uv": [13.83784, 15.22581], "uv_size": [0.86486, 0.25806], "uv_rotation": 90},
								"south": {"uv": [13.83784, 15.22581], "uv_size": [0.86486, 0.77419], "uv_rotation": 90},
								"west": {"uv": [13.83784, 15.74194], "uv_size": [0.86486, 0.25806], "uv_rotation": 90},
								"up": {"uv": [14.05405, 16], "uv_size": [-0.21622, -0.77419], "uv_rotation": 90},
								"down": {"uv": [14.7027, 16], "uv_size": [-0.21622, -0.77419], "uv_rotation": 90}
							}
						},
						{
							"origin": [27.5, 4, -0.5],
							"size": [2, 2, 1],
							"uv": {
								"north": {"uv": [15.13514, 15.22581], "uv_size": [-0.43243, 0.51613], "uv_rotation": 270},
								"east": {"uv": [14.7027, 15.22581], "uv_size": [0.43243, 0.25806], "uv_rotation": 90},
								"south": {"uv": [14.7027, 15.22581], "uv_size": [0.43243, 0.51613], "uv_rotation": 90},
								"west": {"uv": [14.7027, 15.48387], "uv_size": [0.43243, 0.25806], "uv_rotation": 90},
								"up": {"uv": [14.91892, 15.74194], "uv_size": [-0.21622, -0.51613], "uv_rotation": 90},
								"down": {"uv": [15.13514, 15.74194], "uv_size": [-0.21622, -0.51613], "uv_rotation": 90}
							}
						},
						{
							"origin": [27.5, 3, -0.5],
							"size": [1, 1, 1],
							"uv": {
								"north": {"uv": [15.35135, 15.22581], "uv_size": [-0.21622, 0.25806], "uv_rotation": 270},